label_id,label_name,count,percentage
0,alt.atheism,2405,37.67820773930753
1,sci.electronics,1975,30.941563528121574
2,soc.religion.christian,2003,31.38022873257089
